Admin,admin,admin,admin,g,0,false,0,21/10/2021,15:39:05,profileDefault.png
Seller,JohnApexShop,212224236,John,Apex Legends Store,24,false,0,21/10/2021,15:37:30,JohnApexShop-profile.png
Account,Muad,45204624,Muad,-,0,false,0,21/10/2021,00:58:01,profileDefault.png
Account,KittyCat123,meowmeow,Kitty,-,0,false,0,21/10/2021,12:42:08,KittyCat123-profile.png
Account,IronManZaa007,Tonylovepepper,Robert Downey Jr.,-,0,false,0,21/10/2021,12:41:42,IronManZaa007-profile.jpg
Account,OneForAll,NumberOneHero,Midoriya,-,0,false,0,21/10/2021,12:41:29,OneForAll-profile.png
Account,หญิงเอง,18145,หญิง,-,0,false,0,21/10/2021,12:40:35,หญิงเอง-profile.jpg
Seller,Military,hailhydra,Sgt.Steve Roger,Military Grade Store,0,false,0,21/10/2021,13:20:19,profileDefault.png
Account,SamZaa,108041998Sam,Sam,-,0,false,0,21/10/2021,12:39:16,SamZaa-profile.jpg
Seller,Trevor007,HelloWorld,Trevor,Trevor's GTA Shop,0,false,0,19/10/2021,14:47:52,Trevor007-profile.png
Seller,Steve1234,iloveminecraft,Steve,Steve sakura,0,false,0,21/10/2021,14:01:18,Steve1234-profile.gif
